pair_id,是否需单独判断,所属规则,产品A,品牌A,产品B,品牌B,模型一判定,模型一理由,模型二判定,模型二理由,向量相似度,您的判定（相同/可替代/不可替代/拿不准）,备注
P0073,是,需单独判断,"ISRIB, Integrated stress response inhibitor (TBI1539) - 5 MG",TribioScience,"STF-083010, IRE1 inhibitor; UPR inhibitor (TBI1510) - 5 MG",TribioScience,不可替代,Different mechanism inhibitors (ISR vs IRE1/UPR),可替代,Both suppress ISR/UPR signaling but via different mechanisms (eIF2B modulator vs IRE1 RNase inhibitor),0.860,,
P0236,是,需单独判断,Human SPP1 (Osteopontin) - Recombinant Protein - 100ug,Astor Scientific,Mouse Spp1 (Osteopontin) - Recombinant Protein - 100ug,Astor Scientific,可替代,"Same protein (Osteopontin) but different species (human vs mouse), acceptable substitute for some cross-species studies",不可替代,"Same protein but different species (human vs mouse), changes experiment.",0.954,,
P0326,是,需单独判断,"Screw cap tube,  10 ml,  79 x 16 mm, PP, with print, 1000 Piece(s)",SARSTED,"Screw cap tube, 10 ml,  79 x 16 mm, PP, 1000 Piece(s)",SARSTED,可替代,"Same tube specs, differ only by printed labeling",相同,Same tube spec; only printed labelling differs,0.977,,
P0342,是,需单独判断,Human WNT5A (Protein Wnt-5A) - Recombinant Protein - 100ug,Astor Scientific,Human WNT6 (Protein Wnt-6) - Recombinant Protein - 100ug,Astor Scientific,可替代,Both WNT family recombinant proteins but distinct ligands (WNT5A vs WNT6) with different signaling roles,不可替代,Different WNT family members with distinct signaling activities,0.909,,
P0356,是,需单独判断,Human Integrin beta 1 - Recombinant Protein - 100ug,Astor Scientific,Recombinant Human Integrin alpha 2 beta 1 (ITGA2&ITGB1) Heterodimer Protein - 100UG,Astor Scientific,不可替代,"Single subunit protein vs heterodimer complex, different specifications",可替代,"Beta1 subunit alone vs alpha2beta1 heterodimer; related but different composition, may serve similar binding studies",0.928,,
P0358,是,需单独判断,"amfiSure qGreen 1-Step RT-qPCR Master Mix, No Rox - 10X50 rxns",GenDEPOT,"amfiSure qGreen 1-Step RT-qPCR Master Mix, High Rox - 4x50 rxns",GenDEPOT,不可替代,"Different ROX dye levels (No Rox vs High Rox) affect qPCR instrument compatibility, plus different pack sizes",可替代,Same master mix chemistry but No ROX vs High ROX reference dye—instrument-dependent choice,0.929,,
P0412,是,需单独判断,"Gelatin Solution, 0.1%, Cell Culture Tested - 1L",GenDEPOT,"Laminin I, Mouse, 1mg/ml - 1ml",GenDEPOT,不可替代,"Gelatin coating solution vs laminin protein, different substances/functions",可替代,Different coating substrates but both used for cell attachment coating,0.713,,
P0429,是,需单独判断,"Tribo™ 2x TaqMan qPCR Super Mix (ROX) - ROX, 2 x 10 ML",TribioScience,One-Step TaqProbe qRT-PCR Kit - ROX,TribioScience,可替代,Both are PCR/qPCR reagent kits with ROX reference dye but differ in application (qPCR supermix vs one-step RT-qPCR kit),不可替代,DNA qPCR master mix vs one-step RT-qPCR kit (includes reverse transcription),0.883,,
P0457,是,需单独判断,Human SEMA4D (Semaphorin-4D) - Recombinant Protein - 100ug,Astor Scientific,Mouse Sema4d (Semaphorin-4D) - Recombinant Protein - 100ug,Astor Scientific,可替代,Same protein (SEMA4D) but different species (human vs mouse),不可替代,Human vs mouse SEMA4D — species difference affects results,0.941,,
P0467,是,需单独判断,Human THPO (Thrombopoietin) - Recombinant Protein - 100ug,Astor Scientific,Mouse Thpo (Thrombopoietin) - Recombinant Protein - 100ug,Astor Scientific,可替代,"Same protein (Thrombopoietin) but different species (human vs mouse), may serve similar research purpose in some contexts",不可替代,Different species ortholog (human vs mouse THPO),0.946,,
P0468,是,需单独判断,Viral particle DNA Magnetic Extraction (TBS6035) - 50 Tests,TribioScience,Microbial DNA Magnetic Extraction Kit - 200 Tests,TribioScience,不可替代,Different extraction targets (viral vs microbial DNA) and different test counts/kit chemistry,可替代,"Both magnetic-bead DNA extraction kits but optimized for different sample types (viral particles vs microbial cells, which need cell-wall lysis); pack size also differs",0.887,,
P0469,是,需单独判断,Viral particle DNA Magnetic Extraction (TBS6035) - 50 Tests,TribioScience,Expin Gel SV (DNA isolation) - 50 Samples,TribioScience,可替代,Both DNA extraction kits from same brand but different technology (magnetic bead vs gel-based) for similar purpose,不可替代,Magnetic bead viral DNA extraction vs agarose gel DNA purification - different workflows,0.877,,
P0486,是,需单独判断,"Carnosol, Antioxidant (TBI2926) - 5 MG",TribioScience,"Mitoquinone, Mitochondria-targeted antioxidant (TBI1363) - 25 MG",TribioScience,不可替代,Different compounds (Carnosol vs Mitoquinone) with different structures/mechanisms despite both antioxidants,可替代,Both antioxidants but different chemicals with distinct mechanisms (mitochondria-targeted vs plant phenolic); marginal substitute.,0.834,,
P0685,是,需单独判断,Recombinant Mouse PDGF R alpha/PDGFRA Protein - 100UG,Astor Scientific,Human PDGFRA (Platelet-Derived Growth Factor Receptor Alpha) - Recombinant Protein - 100ug,Astor Scientific,可替代,Same target (PDGFRA) but different species (mouse vs human) recombinant proteins,不可替代,Different species ortholog (mouse vs human PDGFRA); species affects binding/assay results,0.902,,
P0710,是,需单独判断,VDAC Loading Control Antibody,GenDEPOT,GAPDH Loading Control Antibody,GenDEPOT,不可替代,Different target antigens (VDAC vs GAPDH loading controls),可替代,Different antigen targets but both serve the same western blot loading-control function,0.932,,
P0712,是,需单独判断,2 × Phanta Max Master Mix (Dye Plus) P525 - P525-01: 1 ml,Vazyme,2 × Vazyme LAmp Master Mix (Dye Plus) - P312-02: 5 × 1 ml,Vazyme,不可替代,Different master mixes (Phanta Max PCR vs LAmp isothermal amplification) - distinct applications,可替代,Both Vazyme dye-containing PCR master mixes but different polymerase systems (high-fidelity vs Taq-based),0.886,,
P0721,是,需单独判断,Human CCL3 (C-C Motif Chemokine 3) - Recombinant Protein - 100ug,Astor Scientific,Human CCL3L1 (C-C Motif Chemokine 3-Like 1) - Recombinant Protein - 100ug,Astor Scientific,不可替代,Different genes/proteins (CCL3 vs CCL3L1) despite similar naming,可替代,Closely related but distinct paralogs CCL3 vs CCL3L1,0.934,,
P0758,是,需单独判断,"Nichipet EX Plus Ⅱ Autoclavable/UV Stable, Chemical resistant, One-Touch Calibration Digital Micropipette - 2-20 uL",NICHIRYO,Nichipet EX Ⅱ Autoclavable/UV Stable Digital Micropipette - 100-1000 uL,NICHIRYO,不可替代,Different volume ranges (2-20uL vs 100-1000uL) for different pipetting applications,可替代,Different volume range (2-20 vs 100-1000 uL) and model line; not interchangeable for same volumes but same function class,0.940,,
P1001,是,需单独判断,"b-AP15 (NSC-687852), DUB inhibitor (TBI1340) - 5 MG",TribioScience,"P5091, DUB USP7 inhibitor (TBI1422) - 5 MG",TribioScience,可替代,Both DUB inhibitors but target different specificities (general DUB vs USP7-specific),不可替代,"Both DUB inhibitors but different targets (USP14/UCHL5 vs USP7), changing experimental outcome.",0.828,,
P1024,是,需单独判断,Human FSTL1 (Follistatin-Related Protein 1) - Recombinant Protein - 100ug,Astor Scientific,Human FST (Follistatin) - Recombinant Protein - 100ug,Astor Scientific,可替代,"related follistatin family proteins with overlapping activin-binding function, could serve similar research purpose",不可替代,FSTL1 and FST are distinct proteins,0.957,,
P1196,是,需单独判断,Human APOA1 (Apolipoprotein A-I) - Recombinant Protein - 100ug,Astor Scientific,Mouse Apoa1 (Apolipoprotein A-I) - Recombinant Protein - 100ug,Astor Scientific,可替代,Same protein APOA1 but different species (human vs mouse),不可替代,Different species ortholog of APOA1,0.936,,
P1224,是,需单独判断,Nichipet ECO Digital Glass Tip Pipette and Acces - Glass Tips: 20-200ul,NICHIRYO,Nichipet ECO Digital Glass Tip Pipette and Acces - Pipette: 20-200ul,NICHIRYO,可替代,"One listing is tips accessory, other is the pipette itself - different components of same system",不可替代,Replacement glass tips vs the pipette instrument itself,0.981,,
P1272,是,需单独判断,Human PRSS8 (Prostasin) - Recombinant Protein - 100ug,Astor Scientific,Mouse Prss8 (Prostasin) - Recombinant Protein - 100ug,Astor Scientific,不可替代,"Different species (human vs mouse) recombinant protein, not interchangeable",可替代,Same protein prostasin but different species (human vs mouse),0.936,,
P1280,是,需单独判断,"CHIR 98014 , ≥98% - 10 mg",GenDEPOT,"CHIR 99021, GSK-3 Inhibitor , Free Base - 25 mg",GenDEPOT,不可替代,"Different GSK-3 inhibitor compounds (CHIR98014 vs CHIR99021), different potency/specificity",可替代,Different GSK-3 inhibitor compounds but same functional use,0.803,,
P1321,是,需单独判断,2× EpiArt HS Taq Master Mix EM201 - EM201-01: 1 ml,Vazyme,2 × EpiArt HS Taq Master Mix (Dye Plus) EM202 - EM202-01: 1ml,Vazyme,不可替代,"EM201 is standard master mix while EM202 is a Dye Plus formulation, a functional difference not just packaging",可替代,"Same HS Taq master mix line; B contains loading dye, which affects downstream use (e.g., not for real-time/spectro) but functionally equivalent for PCR",0.975,,
P1440,是,需单独判断,"amfiSure qGreen 1-Step RT-qPCR Master Mix, Fluorescein - 50 rxns",GenDEPOT,"amfiSure qGreen Q-PCR Master Mix(2X), Fluorescein - 50x1ml",GenDEPOT,可替代,"Both qPCR master mixes from same brand but one is RT-qPCR one-step vs standard Q-PCR mix, different application scope",不可替代,"One-step RT-qPCR mix (RNA input, includes RT) vs DNA qPCR mix — different assay function",0.948,,
P1453,是,需单独判断,Mouse Brain Dissociation Kit for scRNA-seq - 10 Tests/Kit,FireGene,Blood Vessel Dissociation Kit for Single-Cell Applications - 10 Tests/Kit,FireGene,不可替代,"Different tissue/sample dissociation kits (mouse brain vs blood vessel), different intended samples",可替代,Both tissue dissociation kits for single-cell prep but optimized for different tissues (brain vs blood vessel); enzymes differ,0.837,,
P1497,是,需单独判断,amfiSure Hot-Start Taq DNA Polymerase - 100 units,GenDEPOT,"Pfu DNA Polymerase Ultra Pure, 5 units/ul - 10000 units",GenDEPOT,不可替代,Different polymerase types (Taq vs Pfu) with different fidelity/use cases,可替代,Both thermostable DNA polymerases but Taq hot-start vs proofreading Pfu differ in fidelity,0.832,,
P1502,是,需单独判断,"amfiXpand Hot-Start Version , Including dNTP&MgCl2 - 6x200 units",GenDEPOT,amfiXpand Taq DNA Polymerase - 25X100 units,GenDEPOT,不可替代,Different formulations - hot-start master mix with dNTP/MgCl2 vs plain Taq polymerase enzyme,可替代,Same Taq polymerase line; hot-start with dNTP/MgCl2 vs standard Taq—usable for similar PCR but different performance.,0.836,,
P1503,是,需单独判断,"amfiXpand Hot-Start Version , Including dNTP&MgCl2 - 6x200 units",GenDEPOT,amfiSure Hot-Start Taq DNA Polymerase - 250 units,GenDEPOT,不可替代,amfiXpand hot-start mix (with dNTP/MgCl2) differs from amfiSure Taq polymerase alone - different formulations,可替代,Both hot-start Taq PCR reagents from same brand; one includes dNTP/MgCl2 mix,0.843,,
P1504,是,需单独判断,"amfiXpand Hot-Start Version , Including dNTP&MgCl2 - 6x200 units",GenDEPOT,amfiEco PCR Premix - 5x96rxns,GenDEPOT,不可替代,"Different PCR reagent formulations (hot-start master mix with dNTP/MgCl2 vs premix), different specs",可替代,Hot-start polymerase kit vs ready-to-use PCR premix; both amplify DNA but different format/performance,0.842,,
P1539,是,需单独判断,"HPA (Hexyl-4-pentynoic acid), HDAC inhibitor (TBI1160) - 20 MG",TribioScience,"Phenylbutyrate Na, HDAC inhibitor (TBI1118) - 1 G",TribioScience,不可替代,Different HDAC inhibitor compounds,可替代,Different chemical entities but both HDAC inhibitors serving the same purpose,0.842,,
P1575,是,需单独判断,Human SNCA (Alpha-Synuclein) - Recombinant Protein - 100ug,Astor Scientific,Mouse Snca (Alpha-Synuclein) - Recombinant Protein - 100ug,Astor Scientific,可替代,"Same target protein (Alpha-Synuclein) but different species orthologs, often interchangeable for many assays",不可替代,Different species ortholog (human vs mouse alpha-synuclein),0.953,,
P1576,是,需单独判断,Mouse Mmp8 (Neutrophil Collagenase) - Recombinant Protein - 100ug,Astor Scientific,Human MMP8 (Neutrophil Collagenase) - Recombinant Protein - 100ug,Astor Scientific,可替代,"Same target protein (MMP8) but different species (mouse vs human), acceptable substitute for many research purposes",不可替代,"Same target but different species ortholog (mouse vs human MMP8), which changes experimental outcome",0.945,,
P1588,是,需单独判断,"Mouse Ighg (Ig Gamma-2A Chain C Region, A Allele) - Recombinant Protein - 100ug",Astor Scientific,Mouse IgG2a-Fc - Recombinant Protein - 100ug,Astor Scientific,相同,"Same protein (Mouse IgG2a Fc/C region) just named differently, same brand and amount",可替代,Full IgG2a heavy-chain C region vs Fc fragment only; related but different constructs,0.940,,
P1595,是,需单独判断,"AR-A 014418, GSK-3 inhibitor (TBI1195) - 25 MG",TribioScience,"GSK-690693 HCl, Akt inhibitor (TBI1310) - 25 MG",TribioScience,可替代,Both are kinase pathway inhibitors (GSK-3 vs Akt) used in similar signaling studies but target different kinases,不可替代,GSK-3 inhibitor vs Akt inhibitor — different kinase targets.,0.867,,
P1676,是,需单独判断,AceQ Probe Master Mix Q113-EN - Q113-EN02: 500 rxns (20 μl/rxn),Vazyme,HiScript II One Step qRT-PCR Probe Kit Q223-EN - Q223-EN01: 250 rxns (20 μl/rxn),Vazyme,可替代,"Both qPCR/RT-qPCR probe-based reagent kits from Vazyme serving similar detection purpose, but different chemistries (master mix vs one-step RT-qPCR kit)",不可替代,qPCR probe master mix (DNA template) vs one-step qRT-PCR kit with reverse transcriptase,0.849,,
P1749,是,需单独判断,Human CES1 (Liver Carboxylesterase 1) - Recombinant Protein - 100ug,Astor Scientific,Mouse Ces1d (Carboxylesterase 1D) - Recombinant Protein - 100ug,Astor Scientific,可替代,Same enzyme family (carboxylesterase) but different species orthologs,不可替代,Different species and different gene (CES1 vs Ces1d isoform),0.876,,
P1815,是,需单独判断,Mouse Ctsb (Cathepsin B) - Recombinant Protein - 100ug,Astor Scientific,Human CTSB (Cathepsin B) - Recombinant Protein - 100ug,Astor Scientific,不可替代,Same protein but different species (Mouse vs Human Cathepsin B),可替代,Same enzyme cathepsin B but mouse vs human ortholog; species matters for many assays,0.942,,
P1951,是,需单独判断,Human CTSL (Procathepsin L) - Recombinant Protein - 100ug,Astor Scientific,Mouse Ctsl (Procathepsin L) - Recombinant Protein - 100ug,Astor Scientific,可替代,Same protein (Procathepsin L) but different species (human vs mouse),不可替代,Species differ: human vs mouse cathepsin L,0.941,,
P0056,,同一产品，只有包装规格不同,"Apilimod, IL12/23 inhibitor/Inhibits SARS-CoV2 infection (TBI4970) - 25 MG",TribioScience,"Apilimod, IL12/23 inhibitor/Inhibits SARS-CoV2 infection (TBI4970) - 5 MG",TribioScience,可替代,"Same compound Apilimod, different mass sizes (25mg vs 5mg)",相同,"Same compound and catalog number, only pack size differs",0.969,,
P0339,,同一产品，只有包装规格不同,TUNEL BrightRed Apoptosis Detection Kit A113 - A113-01: 100 rxns,Vazyme,TUNEL BrightRed Apoptosis Detection Kit A113 - A113-01: 25 rxns,Vazyme,可替代,"Same kit, different reaction pack sizes (100 vs 25 rxns)",相同,"Same kit, only reaction pack size differs",0.980,,
P0512,,同一产品，只有包装规格不同,"Screw cap micro tube, 2 ml, sterile, 1000 Piece(s)",SARSTED,"Screw cap micro tube, 1.5 ml, sterile, 1000 Piece(s)",SARSTED,不可替代,Different tube volume (2ml vs 1.5ml),可替代,Same tube type but different volume (2 ml vs 1.5 ml),0.940,,
P0670,,同一产品，只有包装规格不同,Universal Aspergillus TaqMan qPCR Detection - 100 Reactions,TribioScience,Universal Aspergillus TaqMan qPCR Detection - 200 Reactions,TribioScience,可替代,"Same assay, different reaction count (pack size) but functionally same use case",相同,"Same qPCR kit, differs only in reaction count/pack size",0.977,,
P0677,,同一产品，只有包装规格不同,"Plerixafor, CXCR4 antagonist (TBI2864) - 10 MG",TribioScience,"Plerixafor, CXCR4 antagonist (TBI2864) - 50 MG",TribioScience,可替代,"Same compound, different pack size (10mg vs 50mg)",相同,"Same compound and catalog number, pack size only",0.970,,
P0738,,同一产品，只有包装规格不同,"NEST 6 Cell Culture Inserts+6 Well Plate, PET Membrane, TC, Sterile, 6/pk, 60/cs - 3.0 um",NEST Scientific,"NEST 12 Cell Culture Inserts+12 Well Plate, PET Membrane, TC, Sterile, 12/pk, 120/cs - 0.8 um",NEST Scientific,不可替代,"Different well counts (6 vs 12) and membrane pore sizes (3.0um vs 0.8um), affecting cell culture application",可替代,Same insert system but different plate format (6 vs 12 well) and pore size (3.0 vs 0.8 um),0.862,,
P0748,,同一产品，只有包装规格不同,"Screw cap tube, 13 ml,  101 x 16.5 mm, PP, 1000 Piece(s)",SARSTED,"Screw cap tube, 10 ml,  79 x 16 mm, PP, 1000 Piece(s)",SARSTED,不可替代,Different tube volumes and dimensions (13ml vs 10ml) affect capacity for experiments,可替代,"Same screw cap PP tube type, different volume/length (13 vs 10 ml)",0.943,,
P0805,,同一产品，只有包装规格不同,"Cryogenic Vials with Side Bardcode-1.0 ml, External Thread, 25/Bag, 500/Pack, 1000/Case - Blue / Case (1000 pcs/Case)",Biologix,"Cryogenic Vials with Side Bardcode-0.5 ml, External Thread, 25/Bag, 500/Pack, 1000/Case - Blue / Case (1000 pcs/Case)",Biologix,不可替代,Different vial volumes (1.0ml vs 0.5ml) affect sample capacity,可替代,Same barcoded external-thread cryovial line differing only in volume (1.0 vs 0.5 mL),0.980,,
P1010,,同一产品，只有包装规格不同,CryoKING® 2L/3L/6L/10L Liquid Nitrogen Tank Portable Dewar Series - 3L,Biologix,CryoKING® 2L/3L/6L/10L Liquid Nitrogen Tank Portable Dewar Series - 10L,Biologix,不可替代,Different tank capacities (3L vs 10L) affecting storage capacity and use case,可替代,Same dewar series but 3 L vs 10 L capacity — different storage volume,0.930,,
P1018,,同一产品，只有包装规格不同,"Screw cap micro tube, 2 ml, 500 Piece(s)",SARSTED,"Screw cap micro tube, 0.5 ml, 250 Piece(s)",SARSTED,不可替代,Different tube volumes (2ml vs 0.5ml) - different capacity use case,可替代,Same screw cap tube line but different volume (2 ml vs 0.5 ml),0.939,,
P1121,,同一产品，只有包装规格不同,"NEST Natural Color Round HDPE Storage Bottle, Wide Mouth, Sterile - 30 mL - 10/pk, 200/cs",NEST Scientific,"NEST Natural Color Round HDPE Storage Bottle, Wide Mouth, Sterile - 125 mL - 10/pk, 100/cs",NEST Scientific,不可替代,Different volume sizes (30mL vs 125mL) change usage/experimental context,可替代,"Same bottle line, different fill volume (30 vs 125 mL)",0.929,,
P1293,,同一产品，只有包装规格不同,"Pinacidil, Potassium channel opener (TBI2856) - 10 MG",TribioScience,"Pinacidil, Potassium channel opener (TBI2856) - 50 MG",TribioScience,可替代,"Same compound, only different pack size (10mg vs 50mg)",相同,"Same compound and catalog number, only pack size differs",0.963,,
P1312,,同一产品，只有包装规格不同,DISPET Variable Volume Bottle-top Dispenser - 0.4 - 2.0 mL,NICHIRYO,DISPET Variable Volume Bottle-top Dispenser - 1 - 5 mL,NICHIRYO,不可替代,"Different volume ranges (0.4-2.0 mL vs 1-5 mL) mean different dispensing applications, not interchangeable",可替代,Same dispenser line but different volume ranges; overlapping use but different specification,0.944,,
P1336,,同一产品，只有包装规格不同,Anti-Cancer Antigen 15-3 (Anti-CA15-3) Monoclonal antibody (TMC072) - 0.2 MG,TribioScience,Anti-Cancer Antigen 15-3 (Anti-CA15-3) Monoclonal antibody (TMC072) - 1 MG,TribioScience,可替代,"Same antibody clone, different pack size (0.2mg vs 1mg)",相同,"Same clone antibody, only pack size differs",0.962,,
P1353,,同一产品，只有包装规格不同,Anti-Lipoprotein-Associated Phospholipase A2 (Lp-PLA2) Monoclonal Antibody (TML063) - 0.2 MG,TribioScience,Anti-Lipoprotein-Associated Phospholipase A2 (Lp-PLA2) Monoclonal Antibody (TML061) - 0.2 MG,TribioScience,不可替代,Different clone/catalog numbers imply different antibody clones despite same target,可替代,"Same Lp-PLA2 target, different monoclonal clones (TML063 vs TML061); epitope/application may differ",0.987,,
P1451,,同一产品，只有包装规格不同,"Screw cap micro tube, 2 ml, sterile, 1000 Piece(s)",SARSTED,"Screw cap micro tube, 0.5 ml, sterile, 1000 Piece(s)",SARSTED,不可替代,Different tube volumes (2ml vs 0.5ml) affecting sample capacity,可替代,Same tube type but 2 ml vs 0.5 ml capacity,0.934,,
P1461,,同一产品，只有包装规格不同,"Screw cap micro tube, 0.5 ml, sterile, 1000 Piece(s)",SARSTED,"Screw cap micro tube, 2 ml, sterile, 500 Piece(s)",SARSTED,不可替代,"Different tube volume (0.5ml vs 2ml) and pack size, different specification",可替代,Same tube type but different volume (0.5 vs 2 ml),0.938,,
P1632,,同一产品，只有包装规格不同,"NEST Amber Color Round HDPE Storage Bottle, Wide Mouth, Sterile - 250 mL - 10/pk, 100/cs",NEST Scientific,"NEST Amber Color Round HDPE Storage Bottle, Wide Mouth, Sterile - 60 mL - 10/pk, 200/cs",NEST Scientific,相同,"Same product, different volume/pack size only",可替代,Same bottle line but 250 mL vs 60 mL capacity; interchangeable only for some uses,0.951,,
P1642,,同一产品，只有包装规格不同,"Screw cap tube, 15 ml,  120 x 17 mm, PP, with print, 500 Piece(s)",SARSTED,"Screw cap tube,  30 ml,  107 x 25 mm, PP, with print, 50 Piece(s)",SARSTED,不可替代,"Different volume and dimension tubes, not interchangeable",可替代,"Same tube type, different volume/dimensions and pack count",0.912,,
P1680,,同一产品，只有包装规格不同,"Screw cap tube, 5 ml,  57 x 15.3 mm, PP, 1000 Piece(s)",SARSTED,"Screw cap tube, 13 ml,  101 x 16.5 mm, PP, 1000 Piece(s)",SARSTED,不可替代,Different tube volumes/sizes (5ml vs 13ml) affect capacity and use,可替代,Same tube type but 5 ml vs 13 ml capacity; not directly interchangeable,0.895,,
P1712,,同一产品，只有包装规格不同,"Screw cap tube, 13 ml,  101 x 16.5 mm, PP, 500 Piece(s)",SARSTED,"Screw cap tube, 25 ml,  90 x 25 mm, PP, 500 Piece(s)",SARSTED,不可替代,"Different tube sizes/volumes (13ml vs 25ml), different dimensions",可替代,Same screw cap PP tube line but different volume/dimensions (13 vs 25 ml); could substitute for general storage.,0.901,,
P1832,,同一产品，只有包装规格不同,"Damnacanthal, p56 Lck inhibitor (TBI2516) - 1 MG",TribioScience,"Damnacanthal, p56 Lck inhibitor (TBI2516) - 5 MG",TribioScience,可替代,"Same inhibitor, different pack size (1mg vs 5mg)",相同,"Same compound and catalog number, only pack size differs",0.968,,
P1861,,同一产品，只有包装规格不同,Benzoylecgonine Monoclonal Antibody (TMB022) - 1 MG,TribioScience,Benzoylecgonine Monoclonal Antibody (TMB021) - 1 MG,TribioScience,不可替代,"Different clones (TMB022 vs TMB021) targeting same antigen, likely different antibody products",可替代,Same target/format but different monoclonal clones (TMB022 vs TMB021); epitope/performance may differ,0.989,,
P0010,,同类耗材，容量不同,"Screw cap micro tube, 1.5 ml, Biosphere plus, 500 Piece(s)",SARSTED,"Screw cap micro tube, 2 ml, sterile, 1000 Piece(s)",SARSTED,不可替代,Different tube size (1.5ml vs 2ml) and sterility spec,可替代,Both Sarstedt screw-cap micro tubes but differ in volume (1.5 vs 2 ml) and Biosphere plus vs standard sterile grade,0.908,,
P0020,,同类耗材，容量不同,"NEST  PP Centrifuge Tubes with Plug Seal Cap, Sterile (250 ml and 500 ml) - 500 mL - racked, 4/pk, 24/cs",NEST Scientific,"Centrifuge Tubes, 50 ml ,PP,Sterile,Plug-Seal Cap,Self Standing, in Bag",GenDEPOT,不可替代,"Different volumes (500mL vs 50mL) and different brands/products, not interchangeable",可替代,"Both sterile PP plug-seal centrifuge tubes but 500 mL vs 50 mL capacity, different brands",0.824,,
P0076,,同类耗材，容量不同,"Screw cap micro tube, 0.5 ml, PCR Performance Tested, 1000 Piece(s)",SARSTED,"Screw cap micro tube, 0.5 ml, 500 Piece(s)",SARSTED,相同,"Same product (0.5ml screw cap micro tube), only pack size differs",可替代,Same 0.5 ml screw cap tube but one is PCR performance tested grade; pack size differs,0.945,,
P0077,,同类耗材，容量不同,"Screw cap micro tube, 0.5 ml, PCR Performance Tested, 1000 Piece(s)",SARSTED,"Screw cap micro tube, 1.5 ml, sterile, 500 Piece(s)",SARSTED,不可替代,Different tube volumes (0.5 mL vs 1.5 mL) and sterility spec change experimental use,可替代,Same tube type but different capacity (0.5 vs 1.5 mL) and qualification (PCR-tested vs sterile).,0.916,,
P0100,,同类耗材，容量不同,"NEST Filtered Pipette Tips, Clear, Racked, Low Retention, Sterile,  96/box, 960/pk, 4800/cs - 100 ul",NEST Scientific,"Pipette Tips, Extra-long, Clear, DoubleStack Racked, Racked, Low-retention, Sterile, 96 tips/wafer,10 wafers (960 tips)/pk, 9600 tips/cs - 200 ul",AstorScientific,可替代,Both filtered low-retention pipette tips but different volume ranges (100ul vs 200ul) and design,不可替代,Different tip volume (100 µl vs 200 µl extra-long); not interchangeable on instrument/volume,0.830,,
P0141,,同类耗材，容量不同,"Screw cap tube, 3.5 ml,  92 x 13 mm, conical false bottom, rounded tube bottom, PP, without cap, 1000 Piece(s)",SARSTED,"Screw cap tube, 10 ml,  79 x 16 mm, PP, 1000 Piece(s)",SARSTED,不可替代,Different volume (3.5ml vs 10ml) and dimensions/design (false bottom vs standard),可替代,Same type of PP screw cap tube but different volume/dimensions (3.5 ml conical vs 10 ml); usable for similar sample storage but not interchangeable one-for-one,0.904,,
P0142,,同类耗材，容量不同,"Screw cap tube, 3.5 ml,  92 x 13 mm, conical false bottom, rounded tube bottom, PP, without cap, 1000 Piece(s)",SARSTED,"Screw cap tube, 13 ml,  101 x 16 mm, PP, 500 Piece(s)",SARSTED,不可替代,"Different tube sizes (3.5ml vs 13ml) and dimensions, not interchangeable",可替代,Same screw-cap PP tube family but 3.5 ml conical vs 13 ml; capacity difference matters though function similar,0.914,,
P0150,,同类耗材，容量不同,"Screw cap tube,4.5 ml,  75 x 12 mm, PP, with print, 1000 Piece(s)",SARSTED,"Screw cap tube, 10 ml,  79 x 16 mm, PP, 1000 Piece(s)",SARSTED,不可替代,Different tube volumes/dimensions (4.5ml vs 10ml) affecting sample capacity,可替代,Same screw cap PP tube line but different volume/dimensions (4.5 vs 10 mL),0.905,,
P0214,,同类耗材，容量不同,"NEST 96 Well Cell Culture Plate, V-bottom, sterile 1/pk, 100/cs - TC",NEST Scientific,"Assay Plate: 96-Well, “V” Bottom, Clear, RNase/DNase-, and Pyrogen-free - 50 Plates",TribioScience,可替代,"Both are 96-well V-bottom cell culture/assay plates, sterile, similar use though different brands and pack sizes",不可替代,A is tissue-culture-treated cell culture plate; B is untreated assay plate—surface treatment changes cell attachment,0.757,,
P0225,,同类耗材，容量不同,"Screw cap micro tube, 2 ml, 250 Piece(s)",SARSTED,"Screw cap micro tube, 2 ml, sterile, 1000 Piece(s)",SARSTED,相同,"Same product, different pack size/sterility labeling",可替代,"Same 2 mL screw-cap tube, but one is sterile and one is not; sterility can affect use",0.975,,
P0242,,同类耗材，容量不同,"Screw cap micro tube, 1.5 ml, sterile, 1000 Piece(s)",SARSTED,"Screw cap micro tube, 1.5 ml, 500 Piece(s)",SARSTED,相同,"Same screw cap micro tube 1.5ml, only pack size differs",可替代,Same 1.5 ml tube; sterile vs non-sterile difference matters for some uses,0.981,,
P0243,,同类耗材，容量不同,"Screw cap micro tube, 1.5 ml, sterile, 1000 Piece(s)",SARSTED,"Screw cap micro tube, 2 ml, 500 Piece(s)",SARSTED,不可替代,Different tube volumes (1.5ml vs 2ml) affect sample capacity/experiment setup,可替代,Same tube type but different volume (1.5 vs 2 ml) and sterility spec,0.925,,
P0381,,同类耗材，容量不同,"Biologix® 1000ml PP Reagent Bottles, Clear, 10 /Bag, 5 Bags/Case - 50 /Case",Biologix,"Biologix® 30ml PP reagent bottles, Clear color, Autoclavable, 100/Bag, 10 Bags/Case - 1000/Case",Biologix,不可替代,"Different volume (1000ml vs 30ml) reagent bottles, different use case",可替代,Same reagent bottle line but 1000 mL vs 30 mL capacity; only loosely interchangeable,0.929,,
P0506,,同类耗材，容量不同,"Screw cap micro tube, 0.5 ml, 500 Piece(s)",SARSTED,"Screw cap micro tube, 1.5 ml, PCR Performance Tested, Low protein-binding, 1000 Piece(s)",SARSTED,不可替代,"Different tube volume (0.5ml vs 1.5ml) and different performance specs (PCR-tested, low-binding)",可替代,Both screw-cap micro tubes but different volume (0.5 vs 1.5 ml) and performance grade,0.900,,
P0539,,同类耗材，容量不同,"NEST Filtered Pipette Tips, Clear, Racked, Low Retention, Sterile,  96/box, 960/pk, 4800/cs - 10 ul - extra long",NEST Scientific,"Pipette Tips, Extra-long, Clear, DoubleStack Racked, Racked, Low-retention, Sterile, 96 tips/wafer,10 wafers (960 tips)/pk, 9600 tips/cs - 200 ul",AstorScientific,可替代,Both filtered low-retention pipette tips but different sizes (10ul vs 200ul),不可替代,Tip capacity differs (10 µl vs 200 µl); not interchangeable for pipetting volumes,0.828,,
P0540,,同类耗材，容量不同,"NEST Serological Pipette Individually Wrapped, sterile - 100 mL - 0 ml negative graduation, 1 ml graduations, 25/bag, 50/pk, 300/cs",NEST Scientific,"NEST Serological Pipette with 0.4ml negative graduation, 1/100 ml graduations, Sterile, 20 per bulk bag - 10 mL - 3.0ml negative graduation, 1/10 ml graduations, 500/pk, 1500/cs",NEST Scientific,可替代,Different pipette volumes/graduations (100mL vs 10mL) serving different volume needs,不可替代,Serological pipettes of very different capacity (100 mL vs 10 mL) and graduation,0.941,,
P0541,,同类耗材，容量不同,"NEST Serological Pipette Individually Wrapped, sterile - 100 mL - 0 ml negative graduation, 1 ml graduations, 25/bag, 50/pk, 300/cs",NEST Scientific,"NEST Serological Pipette Individually Wrapped, sterile - 50 mL - 6.0ml negative graduation, 5/10 ml graduations, 25/bag, 100/cs, 600/cs",NEST Scientific,不可替代,"Different pipette volumes (100mL vs 50mL) with different graduations, not interchangeable",可替代,Same product line but 100 mL vs 50 mL capacity/graduation—different volume range,0.953,,
P0759,,同类耗材，容量不同,"Screw cap tube, 15 ml,  120 x 17 mm, PS, with print, 500 Piece(s)",SARSTED,"Screw cap tube, 10 ml,  92 x 15.3 mm, PP, 100 Piece(s)",SARSTED,不可替代,"Different volume, dimensions and material (15ml PS printed vs 10ml PP)",可替代,Both screw cap tubes but different volume/material,0.870,,
P0849,,同类耗材，容量不同,"Screw cap micro tube, 2 ml, sterile, 1000 Piece(s)",SARSTED,"Screw cap micro tube, 2 ml, 250 Piece(s)",SARSTED,相同,"Same product, different pack size (sterile 2ml tube)",可替代,Same 2 ml screw cap tube but sterile vs non-sterile (and pack size),0.975,,
P0854,,同类耗材，容量不同,"Biologix® 50ml Conical Bottom Centrifuge Tubes With Screw Caps, Sterile, 500/Case - Plug Seal / Bulk (25 /Bag, 20 Bags/Case)",Biologix,"Centrifuge Tubes, 50 ml , Black ,PP,Sterile - 25/Bag",GenDEPOT,可替代,"Both 50ml sterile centrifuge tubes, differ in color/material treatment but interchangeable for most uses",相同,Both sterile 50 ml PP conical screw-cap centrifuge tubes; only brand/pack differ.,0.831,,
P0885,,同类耗材，容量不同,"Pipette Tips, Extra-long, Clear, DoubleStack Racked, Racked, Low-retention, Sterile, 96 tips/wafer,10 wafers (960 tips)/pk, 9600 tips/cs - 200 ul",AstorScientific,"NEST  Filtered Pipette Tips, Clear, Racked, Sterile,  96/box, 960/pk, 4800/cs - 10 ul - extra long",NEST Scientific,可替代,Both extra-long pipette tips but different volume spec (200ul vs 10ul) and brand,不可替代,200 uL non-filtered tips vs 10 uL filtered tips: different volume and filter spec,0.822,,
P0887,,同类耗材，容量不同,"Pipette Tips, Extra-long, Clear, DoubleStack Racked, Racked, Low-retention, Sterile, 96 tips/wafer,10 wafers (960 tips)/pk, 9600 tips/cs - 200 ul",AstorScientific,"NEST Pipette Tips, Clear, non-filtered, Racked, Sterile, 96/box, 960/pk, 4800/cs - 200-1000 ul",NEST Scientific,可替代,"Both are 200uL pipette tips, low-retention/sterile, different brands but functionally interchangeable",不可替代,Different tip volume ranges (200 µl low-retention vs 200-1000 µl non-filtered),0.847,,
P1116,,同类耗材，容量不同,"CryoPure tubes, 1.2 ml, QuickSeal screw cap, yellow, 500 Piece(s)",SARSTED,"CryoPure tubes, 2 ml, QuickSeal screw cap, violet, 500 Piece(s)",SARSTED,不可替代,Different volume (1.2ml vs 2ml) and cap color denote distinct product SKUs for different use volumes,可替代,"Same cryovial line, different volume (1.2 vs 2 ml) and cap color",0.912,,
P1131,,同类耗材，容量不同,"CryoKING® 1.5ml Cryogenic Vials, External Thread, Sterile, Self-Standing, Side Barcode, 25/Bag, 500/Pack, 1000/Case - White / Case (1000 pcs/Case)",Biologix,"CryoKING® 1.5ml Cryogenic Vials, Self-Standing, 25/Bag, 500/Pack, 1000/Case - White / Case (1000 pcs)",Biologix,相同,"same CryoKING 1.5ml cryogenic vial product, minor listing differences",可替代,Same 1.5ml self-standing cryovials; A specifies sterile external thread with side barcode—labelling/spec difference for tracking,0.956,,
P1159,,同类耗材，容量不同,"Screw cap micro tube, 1.5 ml, PCR Performance Tested, 1000 Piece(s)",SARSTED,"Screw cap micro tube, 2 ml, sterile, 1000 Piece(s)",SARSTED,不可替代,"different tube volumes (1.5ml vs 2ml) and sterility spec differ, affects use",可替代,Same screw-cap microtube family but different volume (1.5 vs 2 ml) and sterility/PCR grade.,0.890,,
P1234,,同类耗材，容量不同,"Centrifuge Tubes, 15 ml ,PP,Sterile,Plug-Seal Cap, in Rack",GenDEPOT,"NEST Standard centrifuge tube, sterile (15 ml and 50 ml) - 15 mL - PS Rack, 50/pk, 500/cs",NEST Scientific,相同,Both 15ml sterile PP centrifuge tubes in racks,可替代,"Both sterile 15 mL conical tubes, different brand/material (PP vs PS rack), functionally equivalent",0.817,,
P1274,,同类耗材，容量不同,"Cryogenic Vials-Multi Barcodes, External Thread, 1.0ml,  25 Sets/Bag, 1000 Pcs/Case - Purple / 1000 Pcs",Biologix,"Cryogenic Vials-Multi Barcodes, External Thread, 0.5ml,  25 Sets/Bag, 1000 Pcs/Case - Blue / 1000 Pcs",Biologix,不可替代,"Different volume (1.0ml vs 0.5ml) and color-coded vials, different SKUs for different uses",可替代,Same cryovial line but different fill volume (1.0 vs 0.5 mL) and colour code,0.900,,
P1286,,同类耗材，容量不同,"Faeces tube, with spoon, screw cap,  101 x 16.5 mm, transparent, 250 Piece(s)",SARSTED,"Faeces tube, screw cap,  76 x 20 mm, transparent, 500 Piece(s)",SARSTED,不可替代,"Different tube dimensions and pack sizes for faeces tubes, different specs",可替代,Both faeces collection tubes but different dimensions and one lacks spoon,0.955,,
P1297,,同类耗材，容量不同,"SafeSeal reaction tube, 2 ml, PP, Biosphere plus, 250 Piece(s)",SARSTED,"SafeSeal reaction tube, 1.5 ml, PP, PCR Performance Tested, Low protein-binding, 200 Piece(s)",SARSTED,可替代,"Different tube volume and protein-binding spec, same general reaction tube use",不可替代,Different tube volume (2 ml vs 1.5 ml) and different surface/spec grade,0.902,,
P1419,,同类耗材，容量不同,"Screw cap micro tube, 2 ml, sterile, 1000 Piece(s)",SARSTED,"Screw cap micro tube, 2 ml, 250 Piece(s)",SARSTED,相同,"Same screw cap micro tube 2ml, only pack size differs",可替代,"Same 2 ml screw cap tube but A is sterile, B non-sterile; sterility differs beyond pack size",0.975,,
P1460,,同类耗材，容量不同,"Cryogenic Vials-Multi Barcodes, External Thread, 1.0ml,  25 Sets/Bag, 1000 Pcs/Case - Clear / 1000 Pcs",Biologix,"Cryogenic Vials-Multi Barcodes, External Thread, 0.5ml,  25 Sets/Bag, 1000 Pcs/Case - Blue / 1000 Pcs",Biologix,不可替代,"Different vial volumes (1.0ml vs 0.5ml) with different colors, not interchangeable pack sizes",可替代,Same barcoded cryovial line but different fill volume (1.0 vs 0.5 ml) and color; volume difference matters for storage but often interchangeable,0.923,,
P1483,,同类耗材，容量不同,"20ul Low Retention Filter Tip, Universal Fit,96/Rack",GenDEPOT,"Filter Pipette Tips-1,000uL Extra-Long, Low Retention (50 Racks/Case)",Biologix,不可替代,"Different tip volume (20ul vs 1000uL) and length spec, not interchangeable for most applications",可替代,Both low-retention filter tips but different volume (20 µL vs 1000 µL) and pack format,0.831,,
P1650,,同类耗材，容量不同,"S-Monovette rack D17,  opening: 17 mm, 5 x 10, red, 1 Piece(s)",SARSTED,"Rack, PC, format: 10 x 2, suitable for tubes, all S-Monovette diameters, 1 Piece(s)",SARSTED,不可替代,"Different rack formats/sizes for tube holding, not interchangeable",可替代,Both S-Monovette tube racks but different format/capacity (5x10 fixed 17 mm vs 10x2 all diameters),0.836,,
P1659,,同类耗材，容量不同,"Serological pipette, with tip, plugged, 5 ml, sterile, non-pyrogenic/endotoxin-free, non-cytotoxic,, 500 Piece(s)",SARSTED,"5 ml Disposable Serological Pipette CPP00005 - CPP00005: 200/Case (50/Pack, 4 Packs/Case)",Vazyme,相同,"Both are 5ml sterile serological pipettes, same specification, different brand/pack",可替代,Both sterile 5 mL disposable serological pipettes; different brand/pack details make them functionally interchangeable but not identical SKUs.,0.797,,
P1708,,同类耗材，容量不同,"Biologix® Pipette Tips-10µl/200μl/1000µl/1000µl Extended, (Rack, Sterile) - 1000µl Extended / Case(9600 pcs)",Biologix,10 μl Pipette Tips (Rack) PTR00111 - PTR00111: 960 (10 racks of 96) / Unit,Vazyme,可替代,Both pipette tips but different size ranges and brands,不可替代,1000µl extended tips vs 10µl tips - incompatible volumes,0.768,,
P1740,,同类耗材，容量不同,"Screw cap micro tube, 2 ml, 250 Piece(s)",SARSTED,"Screw cap micro tube, 0.5 ml, Biosphere plus, 500 Piece(s)",SARSTED,不可替代,Different tube volumes (2ml vs 0.5ml) - different specification,可替代,Same screw-cap micro tube line but different volume (2 mL vs 0.5 mL) and Biosphere plus grade,0.909,,
P1818,,同类耗材，容量不同,"1000 μl Pipette Tips (Filtered, Rack) PTR10021 - PTR10022: 4800 (5 units of 960) / Case",Vazyme,"Filter Pipette Tips-10μl, 20ul, 50ul, 100ul, 200ul, 1000ul  Extra-Long, Low Retention, 96/Rack, 4800/Case - 1-100ul / Case (50 Racks)",Biologix,可替代,"Both filtered 1000ul pipette tips in racks, different brands, similar specs",不可替代,1000 µl filtered tips vs 1-100 µl extra-long tips; incompatible volume range,0.804,,
P1824,,同类耗材，容量不同,"Biologix® Petri Dishes-150x15mm, 10/Bag, 30/Pack, 200/Case - Case ( 200Pcs )",Biologix,"NEST Petri Dish, Sterile 20/pk, 500/cs - 100 x 15 mm, Y-Plate (3-section), stackable",NEST Scientific,可替代,"Both sterile petri dishes usable for culture, but different size/design and brand",不可替代,150mm standard dish vs 100mm 3-section Y-plate; different format,0.790,,
P1863,,同类耗材，容量不同,"Cryogenic Vials with Side Bardcode-0.5 ml, External Thread, 25/Bag, 500/Pack, 1000/Case - Red / Case (1000 pcs/Case)",Biologix,"Cryogenic Vials with Side Bardcode-0.5 ml, External Thread, 25/Bag, 500/Pack, 1000/Case - Blue / Case (1000 pcs/Case)",Biologix,不可替代,"Different color-coded vials likely used for sample differentiation, not interchangeable in workflow",相同,"Same barcoded 0.5 mL cryovial, only cap colour code differs",0.955,,
P1883,,同类耗材，容量不同,"NEST 100 uL 96 Well PCR Plate, No Skirt, H12 notch, 25/pk, 100/cs - White",NEST Scientific,"0.2ml 96 Well PCR Plate, Semi Skirt, Clear, A12 notch, 25/pk, 100/cs, for ABI machine (ABI Equivalent)",AstorScientific,可替代,"Both are 96-well PCR plates with similar volume, differing skirt/notch type and brand equivalence claimed",不可替代,"Skirt format and notch differ (no-skirt white vs semi-skirt clear), affecting instrument fit.",0.805,,
P0060,,同类产品，灭菌状态或等级不同,"Tissue culture dish, (xH): 100 x 20 mm, surface: Suspension, 300 Piece(s)",SARSTED,"NEST Cell culture dishes, TC, Sterile (35 mm to 150 mm) - 100 mm - 5/bag - 300/cs",NEST Scientific,可替代,Both 100mm tissue culture dishes but differing surface treatment (suspension vs TC-treated) changes cell attachment behavior,不可替代,Suspension (non-treated) surface vs TC-treated culture dish; surface treatment changes cell attachment,0.813,,
P0121,,同类产品，灭菌状态或等级不同,Dulbecco's Phosphate-Buffered Saline (DPBS) - 1L,GenDEPOT,"1x Dulbecco’s Phosphate Buffered Saline (DPBS) Without Calcium, and magnesium, Sterile for Cell Culture - 6 x 1 L",TribioScience,相同,"same DPBS formulation without calcium/magnesium, different pack size/brand",可替代,"Both sterile 1x DPBS for cell culture, different brand and pack configuration; formulation (Ca/Mg-free) presumed same.",0.869,,
P0191,,同类产品，灭菌状态或等级不同,"Fetal Bovine Serum, Charcoal Stripped - 500ml",GenDEPOT,"Corning® Fetal Bovine Serum, 500 mL, Premium, United States Origin,Sterile - Yes",AstorScientific,可替代,"Both are FBS products but different processing (charcoal stripped vs standard premium), affecting hormone content",不可替代,Charcoal-stripped (hormone-depleted) FBS vs standard premium FBS changes experimental outcome,0.796,,
P0278,,同类产品，灭菌状态或等级不同,Dulbecco's Phosphate-Buffered Saline (DPBS) - 500ml,GenDEPOT,"1 x DPBS, Endotoxin Free (Sterile), Sterile 500 ML/each-Free shipping",AstorScientific,相同,"same DPBS formulation and volume, differences are labeling only",可替代,Same DPBS buffer; endotoxin-free sterile grade is a specification upgrade,0.796,,
P0298,,同类产品，灭菌状态或等级不同,"NEST 96 Well ELISA Plate, High Binding,  Non-sterile, 5/pk, 50/cs - Clear - undetachable",NEST Scientific,"Assay Plate: 96-Well, “V” Bottom, Clear, RNase/DNase-, and Pyrogen-free - 50 Plates",TribioScience,可替代,"Both 96-well assay plates for lab use, differing surface treatment/bottom shape",不可替代,High-binding flat ELISA plate vs V-bottom assay plate; binding surface and geometry differ,0.747,,
P0482,,同类产品，灭菌状态或等级不同,"Serological Pipettes, 100ml , Sterile, Individually Wrapped",GenDEPOT,"Serological pipette, with tip, plugged, 10 ml, sterile, 25 piece(s)/bag, 500 Piece(s)",SARSTED,不可替代,"100ml vs 10ml serological pipette volumes differ greatly, affecting experimental use and dispensing scale",可替代,Same sterile serological pipette type but 100 ml vs 10 ml capacity,0.883,,
P0741,,同类产品，灭菌状态或等级不同,"NEST 6 Cell Culture Inserts+6 Well Plate, PET Membrane, TC, Sterile, 6/pk, 60/cs - 3.0 um",NEST Scientific,"NEST Cell Culture Plate, Flat, TC, sterile 1/pk - 6 Well - 50/cs",NEST Scientific,不可替代,"Insert+plate combo product vs standalone plate, different functional use",可替代,Insert-plus-plate transwell system vs plain 6-well plate; related culture ware but different function,0.847,,
P0809,,同类产品，灭菌状态或等级不同,"Serological pipette, with tip, plugged, 10 ml, sterile, non-pyrogenic/endotoxin-free, non-cytoto..., 500 Piece(s)",SARSTED,"Serological Pipettes, 1ml , Sterile, Individually Wrapped , 1 ml - 500/pk",GenDEPOT,不可替代,"Different volume capacity (10ml vs 1ml serological pipettes), not interchangeable for volume-specific applications",可替代,Same consumable type but 10 ml vs 1 ml capacity — different pipetting volume,0.826,,
P0853,,同类产品，灭菌状态或等级不同,"Biologix® 50ml Conical Bottom Centrifuge Tubes With Screw Caps, Sterile, 500/Case - Plug Seal / Bulk (25 /Bag, 20 Bags/Case)",Biologix,"Biologix® 15ml Conical Bottom Centrifuge Tubes With Screw Caps, Sterile, 500/Case - Flat Top / Bulk (500/Case)",Biologix,不可替代,Different tube volumes (50ml vs 15ml) and cap types,可替代,Same tube line but 50 mL vs 15 mL capacity (and cap style) - different volume format,0.914,,
P0918,,同类产品，灭菌状态或等级不同,"NEST Filtered Pipette Tips, Clear, Racked, Low Retention, Sterile,  96/box, 960/pk, 4800/cs - 20 ul",NEST Scientific,"20ul Low Retention Filter Tip, Universal Fit,96/Rack",GenDEPOT,可替代,"Both 20ul low retention filter tips, sterile racked, different brands but functionally interchangeable",相同,"Both 20 µl low-retention filtered pipette tips, racked 96/rack; only brand/pack differ",0.834,,
P0981,,同类产品，灭菌状态或等级不同,"NEST Vacuum Filtration, 0.45 μm, PVDF, Sterile, 1/pk, 12/cs - 50 mL",NEST Scientific,OMICRON® Borosilicate Glass Fiber Binder Free Filter (Pack of 100) - 0.7um; 47mm similar to GF/F,AstorScientific,可替代,Both are filtration/filter products (membrane filter unit vs glass fiber filter) serving similar filtration purpose but different format,不可替代,Sterile vacuum filter unit vs glass fiber filter discs; different function and pore size,0.682,,
P1201,,同类产品，灭菌状态或等级不同,"MCE Gridded Membrane Filter, Individual Pack, Sterile, 0.22μm, 47mm, 100 Pcs/Box - White, Black grid",Biologix,OMICRON® Borosilicate Glass Fiber Binder Free Filter (Pack of 100) - 0.7um; 47mm similar to GF/F,AstorScientific,可替代,Different filter materials (MCE vs glass fiber) and pore size (0.22um vs 0.7um) serve different filtration purposes but same general filtering function,不可替代,MCE 0.22µm sterile membrane vs glass fiber 0.7µm prefilter - different material and pore size/function,0.678,,
P1317,,同类产品，灭菌状态或等级不同,"NEST Syringe Filter, 13 mm Housing Diameter, PVDF membrane, Sterile, Individually wrapped, 50/cs - 0.45 um",NEST Scientific,"Sterile Syringe Filter-CA, 30mm Diameter (Female Luer Lock + Male Luer Slip), 100/Pack, 400/Case - Case(400 Pcs) / 0.22um",Biologix,不可替代,"Different membrane material, size, and pore size (PVDF 0.45um vs CA 0.22um)",可替代,"Both sterile syringe filters but differ in pore size (0.45 vs 0.22 um), membrane and diameter",0.760,,
P1325,,同类产品，灭菌状态或等级不同,0.2 ml  Skirted Micro Well Plates RSP09602-EN - RSP09602-EN:50 Plates/Box,Vazyme,"Assay Plate: 96-Well, “V” Bottom, Clear, RNase/DNase-, and Pyrogen-free - 50 Plates",TribioScience,可替代,"Both are 96-well plates for PCR/assay use, different well shapes/branding but functionally interchangeable for many uses",不可替代,0.2 ml PCR skirted plate vs V-bottom assay plate; different function,0.752,,
P1413,,同类产品，灭菌状态或等级不同,"Filtropur V50, Vacuum filtration unit, 500 ml, PES, 0.1 ¬µm, 12 Piece(s)",SARSTED,"NEST Vacuum Filtration, 0.45 μm, PVDF, Sterile, 1/pk, 12/cs - 150 mL",NEST Scientific,可替代,Both vacuum filtration units but different pore size/membrane and volume,不可替代,"Different pore size (0.1 vs 0.45 µm), membrane (PES vs PVDF) and volume — changes filtration outcome.",0.799,,
P1521,,同类产品，灭菌状态或等级不同,"Vacuum Filtration Unit, Membrane: PES, Pore size: 0.22μm, 1/Pack, 12/Case - 12 Pcs/Case",Biologix,"Sterile Syringe Filter-CA, 30mm Diameter (Female Luer Lock + Male Luer Slip), 100/Pack, 400/Case - Case(400 Pcs) / 0.22um",Biologix,不可替代,Vacuum filtration unit vs syringe filter - different device types and use cases,可替代,Both 0.22 µm sterilizing filters; bottle-top vacuum unit vs syringe filter differ in format/volume but serve same sterile filtration purpose,0.787,,
P1524,,同类产品，灭菌状态或等级不同,"MCE Gridded Membrane Filter, Individual Pack, Sterile, 0.22μm, 47mm, 100 Pcs/Box - Black，White grid",Biologix,OMICRON® Borosilicate Glass Fiber Binder Free Filter (Pack of 100) - 0.7um; 47mm similar to GF/F,AstorScientific,可替代,Both 47mm filters ~similar pore size but different materials (MCE vs glass fiber) serve similar filtration purposes,不可替代,Sterile gridded MCE 0.22µm membrane for microbiology vs glass fiber 0.7µm prefilter,0.685,,
P1543,,同类产品，灭菌状态或等级不同,"NEST Cell Culture Plate, Flat, TC, sterile 1/pk - 12 Well - 50/cs",NEST Scientific,"Cell Culture Plates-6/12/24/48/96-Well, 1/Pack, 50/Case - 12-well / Case (50 pcs)",Biologix,可替代,"Same well count and format (12-well TC plates) from different brands, functionally interchangeable",相同,"Equivalent 12-well TC-treated culture plates, 50/case, different brands",0.838,,
P1581,,同类产品，灭菌状态或等级不同,"SureStrain™ Premium Cell Strainers, 70 µm, Sterile, Individually Wrapped",GenDEPOT,"Cell strainer, pore size: 40 ¬µm, blue, 50 Piece(s)",SARSTED,可替代,Both cell strainers but different pore sizes (70µm vs 40µm) and brands,不可替代,Different pore size (70 µm vs 40 µm) changes the cell fraction retained.,0.827,,
P1657,,同类产品，灭菌状态或等级不同,"Assay Plate: 96-Well, “V” Bottom, Clear, RNase/DNase-, and Pyrogen-free - 50 Plates",TribioScience,"NEST Cell Culture Plate, Flat, TC, sterile 1/pk - 96 Well - 100/cs",NEST Scientific,可替代,"Both are 96-well plastic plates for lab use, but different well shapes (V-bottom vs flat) and treatment (RNase-free vs TC)",不可替代,V-bottom non-treated assay plate vs TC-treated flat-bottom cell culture plate; surface and geometry change results.,0.746,,
P1658,,同类产品，灭菌状态或等级不同,"Serological pipette, with tip, plugged, 5 ml, sterile, non-pyrogenic/endotoxin-free, non-cytotoxic,, 500 Piece(s)",SARSTED,"Serological Pipettes, 1ml , Sterile, Individually Wrapped , 1 ml - 500/pk",GenDEPOT,不可替代,"Different volume (5ml vs 1ml) serological pipettes, spec difference changes usage",可替代,Both sterile serological pipettes but different volumes (5 ml vs 1 ml),0.838,,
P1706,,同类产品，灭菌状态或等级不同,"Biologix® Sterile Serological Pipettes-1ML, 2ML, 5ML,  10ML, 15ML, 50ML - 2ml / Case",Biologix,"Serological Pipettes, 1ml , Sterile, Individually Wrapped , 1 ml - 500/pk",GenDEPOT,不可替代,"Biologix listing covers multiple sizes/case format, not matching specific 1ml/500pk sterile pipette spec",可替代,Both sterile serological pipettes but different nominal volume (2 mL vs 1 mL),0.845,,
P1709,,同类产品，灭菌状态或等级不同,"NEST 0.1 or 0.2 mL PCR 8-strip Tubes, Clear or White, Sterile, 125/pk, 1250/cs - 0.2 mL - Clear",NEST Scientific,"NEST 0.1 or 0.2 mL PCR 8-strip Tubes, Clear or White, Sterile, 125/pk, 1250/cs - 0.2 mL - White",NEST Scientific,相同,"Same product line, only color variant (clear vs white) differs",可替代,"Same tubes, color differs (clear vs white); white affects optical/qPCR reflectivity but broadly interchangeable for PCR",0.979,,
P1722,,同类产品，灭菌状态或等级不同,"NEST  Bottle Top Vacuum Filter, 0.22μm, PVDF, Sterile, 1/pk, 24/cs - 500 mL",NEST Scientific,"NEST Syringe Filter, 25 mm Housing Diameter, PVDF membrane, Sterile, Individually wrapped, 50/cs - 0.22 um",NEST Scientific,不可替代,Bottle top vacuum filter vs syringe filter are different filtration formats,可替代,Both 0.22um PVDF sterile filters but bottle-top vacuum vs syringe format; different throughput use,0.849,,
P1902,,同类产品，灭菌状态或等级不同,"Biologix® Sterile Serological Pipettes-1ML, 2ML, 5ML,  10ML, 15ML, 50ML - 50ml / Case",Biologix,"5 ml Disposable Serological Pipette CPP00005 - CPP00005: 200/Case (50/Pack, 4 Packs/Case)",Vazyme,可替代,Both serological pipettes; A is a multi-size range including 5ml matching B's specific size,不可替代,Different pipette capacity (50 ml vs 5 ml) changes use,0.820,,
P1910,,同类产品，灭菌状态或等级不同,"Biologix® Sterile Serological Pipettes-1ML, 2ML, 5ML,  10ML, 15ML, 50ML - 1ml / Case",Biologix,"Serological Pipettes, 1ml , Sterile, Individually Wrapped , 1 ml - 500/pk",GenDEPOT,可替代,"Both sterile 1ml serological pipettes, different brand/packaging",相同,Both 1 mL sterile individually wrapped serological pipettes; only brand/pack differ,0.875,,
P1935,,同类产品，灭菌状态或等级不同,"lumox multiwell, Cell culture plate, with foil base, 384 well, 4 Piece(s)",SARSTED,"Corning® 384-well Black/Clear Round Bottom Ultra-Low Attachment Spheroid Microplate, Bulk Packed 10 per Bag, with Lid, Sterile",AstorScientific,可替代,Both are 384-well culture plates but different surface treatment (foil base vs ultra-low attachment),不可替代,Gas-permeable foil-base imaging plate vs ultra-low-attachment spheroid plate; different function,0.786,,
P1960,,同类产品，灭菌状态或等级不同,"Serological Pipettes, 1ml , Sterile, Individually Wrapped , 1 ml - 500/pk",GenDEPOT,"NEST Serological Pipette Individually Wrapped, sterile - 5 mL - 2.5ml negative graduation, 1/10 ml graduations, 50/bag, 200/pk, 800/cs",NEST Scientific,可替代,Both sterile individually wrapped serological pipettes but different volume (1ml vs 5ml),不可替代,"1 mL vs 5 mL serological pipette - different volume/graduation, not interchangeable",0.825,,
P1978,,同类产品，灭菌状态或等级不同,"Corning® 384-well Black/Clear Round Bottom Ultra-Low Attachment Spheroid Microplate, Bulk Packed 10 per Bag, with Lid, Sterile",AstorScientific,"lumox multiwell, Cell culture plate, with foil base, 384 well, 20 Piece(s)",SARSTED,可替代,"Both 384-well cell culture plates, different surface treatment/format but similar use",不可替代,Ultra-low attachment spheroid plate vs gas-permeable foil-base imaging plate; different function,0.784,,
P0039,,同一基础配方，添加成分不同,Stop Solution for TMB Substrate - 1000 ML,TribioScience,TMB Stop Buffer - 500ml,GenDEPOT,可替代,"Both are TMB stop solutions/buffers serving the same ELISA stopping function, different brands/volumes",相同,Both acid stop solutions for TMB ELISA substrate; only volume/brand differ,0.829,,
P0087,,同一基础配方，添加成分不同,Fetal Bovine Serum-Clearance - Gibco-A5256801-FBS Heat Inactivated Fetal Bovine Serum 500 ml,AstorScientific,"Fetal Bovine Serum, Charcoal Stripped - 500ml",GenDEPOT,可替代,"Both FBS but heat inactivated vs charcoal stripped serve different purposes for some applications, though both are FBS supplements",不可替代,Heat-inactivated standard FBS vs charcoal-stripped FBS (hormone-depleted) - changes experiments.,0.794,,
P0092,,同一基础配方，添加成分不同,Fetal Bovine Serum-Clearance - Gibco-A5256801-FBS Heat Inactivated Fetal Bovine Serum 500 ml,AstorScientific,Tribo Cardiomyocyte-Qualified Fetal Bovine Serum (FBS) - 500 ML,TribioScience,不可替代,"one is standard heat-inactivated FBS, other is cardiomyocyte-qualified specialty FBS",可替代,"Both 500 mL FBS, but one is heat-inactivated generic and other is cardiomyocyte-qualified; usable for similar purpose with caveats.",0.798,,
P0179,,同一基础配方，添加成分不同,MCDB 131 Medium - 500ml,GenDEPOT,Tribo™ MSC Medium - 500 ML,TribioScience,可替代,Both are cell culture media (MSC-related) that could serve similar culturing purposes though formulations differ,不可替代,MCDB 131 (endothelial/defined) vs MSC-specific medium; different intended cell types,0.866,,
P0183,,同一基础配方，添加成分不同,"Fetal Bovine Serum, Charcoal Stripped - 500ml",GenDEPOT,Tribo™ Germine Transmission Qualified Fetal Bovine Serum (FBS) - 500 ML,TribioScience,可替代,"Both FBS products serving similar cell culture supplement purpose, different specialty grades",不可替代,Charcoal-stripped FBS (hormone-depleted) vs germline-transmission qualified FBS; different specification affecting results,0.869,,
P0184,,同一基础配方，添加成分不同,"Fetal Bovine Serum, Charcoal Stripped - 500ml",GenDEPOT,Tribo™ Cancer Cell Qualified Fetal Bovine Serum (FBS) - 100 ML,TribioScience,可替代,"Both are FBS products for cell culture, different specialty grades but interchangeable for many uses",不可替代,Charcoal-stripped FBS (hormone-depleted) vs standard qualified FBS; different experimental use,0.848,,
P0185,,同一基础配方，添加成分不同,"Fetal Bovine Serum, Charcoal Stripped - 500ml",GenDEPOT,Tribo Cardiomyocyte-Qualified Fetal Bovine Serum (FBS) - 500 ML,TribioScience,可替代,Both are specialized FBS variants but different treatment/qualification (charcoal stripped vs cardiomyocyte-qualified) serving different specific purposes,不可替代,Charcoal-stripped (hormone-depleted) FBS vs cardiomyocyte-qualified FBS; stripping changes experimental outcome.,0.862,,
P0187,,同一基础配方，添加成分不同,"Fetal Bovine Serum, Charcoal Stripped - 500ml",GenDEPOT,Tribo™ Fetal Bovine Serum (FBS) - 500 ML,TribioScience,不可替代,"Charcoal-stripped FBS is hormone-depleted for specific assays, not interchangeable with standard FBS",可替代,"Both FBS 500ml, but A is charcoal-stripped (hormone-depleted), a functional difference; still serve serum role for some uses",0.880,,
P0188,,同一基础配方，添加成分不同,"Fetal Bovine Serum, Charcoal Stripped - 500ml",GenDEPOT,Premium USDA-Origin Fetal Bovine Serum (FBS) - 500 ml,AstorScientific,可替代,Both are FBS products but different treatments (charcoal stripped vs standard) affecting hormone content,不可替代,Charcoal-stripped FBS (hormone-depleted) vs standard FBS changes experimental outcome,0.841,,
P0189,,同一基础配方，添加成分不同,"Fetal Bovine Serum, Charcoal Stripped - 500ml",GenDEPOT,Tribo™ Adipocyte Differentiation-Qualified Fetal Bovine Serum (FBS) - 500 ML,TribioScience,可替代,Both are specialized FBS but qualified for different applications (charcoal-stripped for hormone studies vs adipocyte differentiation),不可替代,Charcoal-stripped (hormone-depleted) FBS vs differentiation-qualified standard FBS; different specification changes results,0.844,,
P0208,,同一基础配方，添加成分不同,"Fetal Bovine Serum (FBS), Premium, US Origin , Heat Inactivated",GenDEPOT,Premium USDA-Origin Fetal Bovine Serum (FBS) - 500 ml,AstorScientific,相同,"Both are premium US/USDA-origin heat-inactivated FBS, same product type",可替代,"Both premium US-origin FBS, but A is heat-inactivated and B is not",0.846,,
P0218,,同一基础配方，添加成分不同,Tribo™ Tet-Free Fetal Bovine Serum (FBS) - 500 ML,TribioScience,"Fetal Bovine Serum, Charcoal Stripped - 100ml",GenDEPOT,可替代,Both FBS products but different treatment (Tet-free vs charcoal stripped) serve overlapping but distinct purposes,不可替代,Tet-free FBS vs charcoal-stripped FBS serve different assay needs (hormone-free vs tetracycline-free),0.847,,
P0219,,同一基础配方，添加成分不同,Tribo™ Tet-Free Fetal Bovine Serum (FBS) - 500 ML,TribioScience,"Fetal Bovine Serum, Premium, US Origin, Dialyzed",GenDEPOT,可替代,"Both FBS products for cell culture, different brands/specs but similar purpose",不可替代,Tet-free FBS vs dialyzed FBS serve distinct specialized applications,0.816,,
P0347,,同一基础配方，添加成分不同,Ham’s F12 medium with L-Glutamine (TBS8032) - 500 ML,TribioScience,"Ham's F-10 Nutrient Mixture, With L-Glutamine - 500ml",GenDEPOT,不可替代,Ham's F12 vs Ham's F-10 are different nutrient formulations,可替代,"Different basal media formulations (F-12 vs F-10), similar purpose but distinct nutrient composition",0.811,,
P0350,,同一基础配方，添加成分不同,Ham’s F12 medium with L-Glutamine (TBS8032) - 500 ML,TribioScience,"Ham's F-12 (Kaighn's Modification),With L-Glutamine - 6x500ml",GenDEPOT,相同,"Same Ham's F12 with L-Glutamine base medium, differ only in pack size/supplier",可替代,Ham's F-12 vs Kaighn's modified F-12K differ in formulation but serve similar culture role,0.841,,
P0458,,同一基础配方，添加成分不同,Ham’s F12K Medium (TBS8032K) - 500 ML,TribioScience,"Ham's F-12 (Kaighn's Modification),With L-Glutamine - 6x500ml",GenDEPOT,可替代,Both Ham's F12-based media but different modifications (F12K vs Kaighn's),相同,"F12K is Kaighn's modification of Ham's F12; same medium, pack size differs",0.827,,
P0477,,同一基础配方，添加成分不同,Premium USDA-Origin Fetal Bovine Serum (FBS) - 50 ml,AstorScientific,"Fetal Bovine Serum, Premium, US Origin, Dialyzed",GenDEPOT,可替代,"Both premium US-origin FBS, minor spec difference (dialyzed)",不可替代,Standard FBS vs dialyzed FBS; dialysis removes small molecules and changes media formulation,0.809,,
P0563,,同一基础配方，添加成分不同,"DMEM/F12, HEPES (TBS8083) - 500 ML",TribioScience,"DMEM/Ham's F-12 (1:1 Mixture), With HEPES - 6x500ml",GenDEPOT,可替代,"same DMEM/F12+HEPES formulation, different brand/size",相同,"Same DMEM/F12 with HEPES medium, differing only in pack size/brand",0.847,,
P0791,,同一基础配方，添加成分不同,"Fetal Bovine Serum, Charcoal Stripped - 100ml",GenDEPOT,Tribo™ Germine Transmission Qualified Fetal Bovine Serum (FBS) - 500 ML,TribioScience,可替代,Both FBS products but charcoal-stripped vs germline-qualified serve different specialized purposes,不可替代,Charcoal-stripped (hormone-depleted) FBS vs germline-transmission-qualified FBS serve different experimental needs,0.847,,
P0792,,同一基础配方，添加成分不同,"Fetal Bovine Serum, Charcoal Stripped - 100ml",GenDEPOT,Fetal Bovine Serum-Clearance - Gibco-10438026-heat inactivated USDA-approved regions 500 ml,AstorScientific,可替代,Both FBS products but charcoal stripped vs heat inactivated differ in hormone content relevance,不可替代,Charcoal-stripped 100 ml vs standard heat-inactivated FBS 500 ml - different grade and size.,0.814,,
P0794,,同一基础配方，添加成分不同,"Fetal Bovine Serum, Charcoal Stripped - 100ml",GenDEPOT,Fetal Bovine Serum-Clearance - Gibico-10438-034-FBS Heat lnactivated Fetal Bovine Serum 1000ml,AstorScientific,可替代,"Both are FBS variants but differ in treatment (charcoal stripped vs heat inactivated), affecting hormone content but usable for general culture",不可替代,Charcoal-stripped FBS (hormone-depleted) vs standard heat-inactivated FBS; changes experiments,0.803,,
P0797,,同一基础配方，添加成分不同,"Fetal Bovine Serum, Charcoal Stripped - 100ml",GenDEPOT,Premium USDA-Origin Fetal Bovine Serum (FBS) - 500 ml,AstorScientific,相同,Both are FBS products differing mainly in processing note and pack size; charcoal-stripped vs standard is a functional difference though,可替代,"Both FBS, but charcoal-stripped removes hormones/steroids — not interchangeable for hormone-sensitive assays",0.820,,
P0798,,同一基础配方，添加成分不同,"Fetal Bovine Serum, Charcoal Stripped - 100ml",GenDEPOT,Tribo™ ESC/iPSC Qualified Fetal Bovine Serum (FBS) - 500 ML,TribioScience,可替代,"Both charcoal-stripped/qualified FBS but different processing/qualification and volume, still same functional purpose for cell culture",不可替代,Charcoal-stripped FBS (hormone-depleted) vs ESC/iPSC-qualified standard FBS — different specification affecting experiments,0.834,,
P0799,,同一基础配方，添加成分不同,"Fetal Bovine Serum, Charcoal Stripped - 100ml",GenDEPOT,Tribo™ Adipocyte Differentiation-Qualified Fetal Bovine Serum (FBS) - 500 ML,TribioScience,可替代,Both FBS products but different specialization (charcoal stripped vs adipocyte differentiation),不可替代,Charcoal-stripped FBS vs adipocyte differentiation-qualified FBS; different serum specifications,0.824,,
P0952,,同一基础配方，添加成分不同,Stop Solution for TMB Substrate - 250 ML,TribioScience,TMB Stop Buffer - 500ml,GenDEPOT,可替代,"Both are TMB stop solutions from different brands, functionally interchangeable despite volume difference",相同,Both are TMB stop solutions (acid) for ELISA; differ only in brand/volume.,0.832,,
P1212,,同一基础配方，添加成分不同,Tribo Cardiomyocyte-Qualified Fetal Bovine Serum (FBS) - 500 ML,TribioScience,"Fetal Bovine Serum, Premium, US Origin, Dialyzed",GenDEPOT,可替代,Both FBS products but different qualification/dialysis specs affecting cell applications,不可替代,Dialyzed FBS lacks small molecules vs cardiomyocyte-qualified standard FBS; changes experimental outcome,0.816,,
P1383,,同一基础配方，添加成分不同,Tribo™ Cancer Cell Qualified Fetal Bovine Serum (FBS) - 500 ML,TribioScience,"Fetal Bovine Serum, Premium, US Origin, Dialyzed",GenDEPOT,可替代,both FBS products but different specifications (cancer cell qualified vs dialyzed premium),不可替代,Standard FBS vs dialyzed FBS — dialysis changes metabolite content and experiment outcome,0.828,,
P1701,,同一基础配方，添加成分不同,TMB Stop Buffer - 500ml,GenDEPOT,Stop Solution for TMB Substrate - 500 ML,TribioScience,可替代,"Both are TMB stop solutions for ELISA, functionally equivalent across brands",相同,"Both are TMB stop solution, 500 mL; brand differs only",0.857,,
P0046,,不同品牌，功能相同,"WATER, 0.1um filtered, Cell Culture Tested - 50x500 ml",GenDEPOT,Agulos Biotech SimPL SP - 500 ml,AstorScientific,可替代,"Both are cell culture grade water/media additive products, likely serving similar purpose but different specific formulations",不可替代,Cell culture grade water vs a proprietary culture supplement/medium product,0.757,,
P0114,,不同品牌，功能相同,100 bp DNA Ladder MD104 - MD104-02: 100 rxns (5 µl/rxn),Vazyme,100bp DNA Ladder - 1.0 ML,TribioScience,相同,"Both are 100bp DNA ladders, same product type just different brand/packaging",可替代,Both 100 bp DNA ladders but different brands/formulations and load formats,0.833,,
P0123,,不同品牌，功能相同,Dulbecco's Phosphate-Buffered Saline (DPBS) - 1L,GenDEPOT,"Phosphate Buffered Saline, PBS - 1 L/each, 10 X",TribioScience,相同,"Both are standard DPBS/PBS buffer, interchangeable for most uses despite concentration note",可替代,Both PBS buffers but DPBS 1X vs PBS 10X concentrate; usable after dilution for most purposes,0.794,,
P0124,,不同品牌，功能相同,Dulbecco's Phosphate-Buffered Saline (DPBS) - 1L,GenDEPOT,"Phosphate Buffered Saline, PBS - 1 L/each, 1 X",TribioScience,相同,"Both standard DPBS/PBS 1x 1L, functionally interchangeable buffer",可替代,"DPBS vs PBS 1X; similar balanced saline buffers, minor formulation difference",0.793,,
P0279,,不同品牌，功能相同,Plasmid DNA Rapidprep Mini Kit - 50 Samples,TribioScience,PURY Plasmid Maxi Kit - 50 Prep,GenDEPOT,不可替代,"Mini prep kit vs Maxi prep kit differ in scale and yield, not interchangeable",可替代,"Both plasmid DNA purification kits, but mini vs maxi prep scale gives very different yields",0.839,,
P0379,,不同品牌，功能相同,"Cell Culture Plate, 6 Well CCP01006 - CCP01006: 50/Case (1/Pack, 50 Packs/Case)",Vazyme,"Cell Culture Plates-6/12/24/48/96-Well, 1/Pack, 50/Case - 6-Well / Case (50 pcs)",Biologix,相同,"Both are 6-well cell culture plates, 50/case, differing only brand/packaging",可替代,"Both sterile 6-well culture plates, 50/case; different manufacturers but equivalent function",0.842,,
P0581,,不同品牌，功能相同,Proteinase K - 1g,GenDEPOT,"Proteinase K, Lyophilized Powder, Molecular Biology Grade (TBS2119) - 1 G",TribioScience,可替代,"Same enzyme (Proteinase K) same grade/quantity but different suppliers, generally interchangeable",相同,"Same enzyme, molecular biology grade proteinase K, same 1 g amount; only brand differs",0.798,,
P0787,,不同品牌，功能相同,"WATER, 0.1um filtered, Cell Culture Tested - 500 ml",GenDEPOT,Agulos Biotech SimPL SP - 500 ml,AstorScientific,可替代,"Both are cell-culture grade aqueous reagents of similar volume, though composition may differ slightly",不可替代,Cell-culture grade water vs unrelated proprietary reagent,0.777,,
P0802,,不同品牌，功能相同,"Tris Base, Ultra Pure - 5kg",GenDEPOT,"1M Tris-HCl Buffer - 1L, pH=9.5",TribioScience,可替代,Both Tris buffer products but different form/pH/concentration,不可替代,Dry Tris base powder vs prepared 1M Tris-HCl buffer at fixed pH; different form and use,0.784,,
P0971,,不同品牌，功能相同,"Goat anti-Rabbit IgG(H+L)-HRP, 1mg/ml",GenDEPOT,MyQu™ 520nm – 640nm emission -anti-rabbit IgG conjugates - 1.0 ML,TribioScience,可替代,"Both are anti-rabbit IgG secondary conjugates (HRP vs fluorescent dye) usable for detection, but different conjugate type changes application",不可替代,"Both anti-rabbit secondaries, but HRP enzymatic conjugate vs fluorescent dye conjugate require different detection systems",0.761,,
P0972,,不同品牌，功能相同,"Goat anti-Rabbit IgG(H+L)-HRP, 1mg/ml",GenDEPOT,MagVigen™ anti-rabbit IgG conjugates - 1.0 ML,TribioScience,可替代,Both anti-rabbit IgG secondary conjugates but different conjugate chemistry (HRP vs magnetic bead),不可替代,HRP-conjugated secondary antibody vs magnetic bead anti-rabbit conjugate; different function,0.808,,
P0993,,不同品牌，功能相同,"Tris Base, Ultra Pure - 1kg",GenDEPOT,"1M Tris-HCl Buffer - 1L, pH=7.0",TribioScience,可替代,Both provide Tris buffering capacity but differ in form (solid vs pre-made solution) and pH specification,不可替代,Dry Tris base powder vs prepared 1M Tris-HCl pH 7.0 buffer,0.803,,
P1035,,不同品牌，功能相同,Mouse Adipoq (Adiponectin) - Recombinant Protein - 100ug,Astor Scientific,Mouse Adiponectin ELISA Kit - 1 Plate Kit,AstorScientific,可替代,"Recombinant protein vs ELISA kit for same target, different use but related purpose",不可替代,Recombinant protein standard vs ELISA detection kit; different function,0.861,,
P1041,,不同品牌，功能相同,"CryoKING® Cardboard Freezer Boxes-2in ( Premium White) 5/Bag, 100/Case - 81-Well / Case (100 Pcs )",Biologix,"5"" Cardboard Freezer Boxes with Drain Holes - Water and Ice Resistant Coating, 50/Case - w/ 16 Dividers",AstorScientific,不可替代,"Different sizes (2in vs 5in) and well counts/features, not interchangeable",可替代,"Both cardboard freezer boxes, but different height (2in vs 5in) and 81-well vs 16-divider configuration; only loosely interchangeable",0.737,,
P1184,,不同品牌，功能相同,100 bp DNA Ladder MD104 - MD104-01: 50 rxns (5 µl/rxn),Vazyme,100bp DNA Ladder - 1.0 ML,TribioScience,相同,"Both 100bp DNA ladders, same product type differing only in packaging/volume",可替代,"Same 100 bp DNA ladder function, different manufacturer/formulation and rxn count",0.842,,
P1316,,不同品牌，功能相同,"LB Broth, Miller - 500g",GenDEPOT,Tribo™ Terrific Broth (TB) Medium - 1 L,TribioScience,不可替代,"Different media (LB Broth vs Terrific Broth), different formulations and uses",可替代,"Both bacterial growth media but different formulations (LB Miller vs Terrific Broth), different yield/composition; usable for similar culture purposes",0.830,,
P1494,,不同品牌，功能相同,"Exprep Hybrid-Q Plasmid, Mini Prep - 50 Sample",TribioScience,PURY Plasmid Maxi Kit - 50 Prep,GenDEPOT,不可替代,"Mini prep vs Maxi prep kits differ in scale/yield, not interchangeable",可替代,Both plasmid purification kits but mini vs maxi scale yields differ,0.815,,
P1582,,不同品牌，功能相同,"dNTP Mixtures ,10mM each - 1ml",GenDEPOT,dNTP Mix (10 mM each) P031 - P031-02: 5 × 1 ml,Vazyme,可替代,Same dNTP mix concentration but different brand and pack size/volume,相同,Same 10 mM each dNTP mix; only pack volume/format differs,0.879,,
P1589,,不同品牌，功能相同,"CryoKING® Sliding Drawer Freezer Racks, 1 Piece/Case - 4 x 5",Biologix,"5"" Cardboard Freezer Boxes with Drain Holes - Water and Ice Resistant Coating, 50/Case - w/ 16 Dividers",AstorScientific,不可替代,Metal sliding drawer freezer racks vs cardboard freezer boxes are different storage solutions,可替代,Both freezer storage organizers but metal drawer rack vs cardboard boxes,0.739,,
P1645,,不同品牌，功能相同,"Bexarotene, Retinoid RXR agonist (TBI2121) - 50 MG",TribioScience,"Bexarotene, Free acid - 500mg",GenDEPOT,可替代,Same compound (Bexarotene) but different formulation/purity descriptors and pack sizes; likely usable interchangeably for research though different form noted (free acid vs standard),相同,"Same compound bexarotene, differing only in vendor/pack size and labeling",0.805,,
P1678,,不同品牌，功能相同,"CryoKING® PC Cryogenic Boxes-2in. 25-Well, 5/Pack, 30/Case - Pack (5 Pcs)",Astor Scientific,"5"" Cardboard Freezer Boxes with Drain Holes - Water and Ice Resistant Coating, 50/Case - w/ 16 Dividers",AstorScientific,不可替代,Plastic cryogenic freezer boxes vs. cardboard freezer boxes - different material and specification,可替代,"Both freezer storage boxes but different material (polycarbonate vs cardboard), size and well configuration",0.799,,
P1847,,不同品牌，功能相同,PURY Plasmid Maxi Kit - 50 Prep,GenDEPOT,GeneAll® Exfection™ Plasmid LE (Midi) - 26 Samples,TribioScience,不可替代,"Different plasmid prep kits (Maxi vs Midi) from different brands, different scale/chemistry",可替代,Both plasmid purification kits but different scale (Maxi vs Midi) and brand; serve same purpose at different yields,0.808,,
